[
    {
        "title": "Test map",

        "spawnPositions": [
            {"x": 20, "y":760},
            {"x": 1900, "y":760},
            {"x": 220, "y":760},
            {"x": 420, "y":760},
            {"x": 620, "y":760},
            {"x": 720, "y":760},
            {"x": 920, "y":760}
        ],

        "staticObjects": [
            {
                "type": "wall",
                "isGround":true,
                "position" : {
                    "x":960,
                    "y": 930
                },
                "width": 1920,
                "height": 300,
                "color": "darkslategray"
            }
        ]
    }
]